{"cameraMode":{"drawMode":0,"name":"Shaded","section":"Shading Mode"},"sceneLighting":true,"audioPlay":false,"sceneViewState":{"showFog":true,"showMaterialUpdate":true,"showSkybox":true,"showFlares":true,"showImageEffects":true,"showParticleSystems":true},"in2DMode":false,"pivot":{"x":1.4022560119628907,"y":1.5036160945892335,"z":-1.8509798049926758},"rotation":{"x":-0.0397171750664711,"y":0.9528030753135681,"z":-0.14284226298332215,"w":-0.26492634415626528},"size":10.0,"orthographic":false}